app_name,app_id,review_id,user_name,rating,content,thumbs_up,app_version,at,reply_content
Swachhata-MoHUA,com.ichangemycity.swachhbharat,dec4c67a-32bf-4447-ab52-7f40e538b438,Vinod Singh,1,"लॉगिन ही नहीं हो रहा हे। कई दिनों से ट्राई कर रहा हूँ, लेकिन लॉगिन के लिए ओटीपी ही नहीं आ रहा है, जिस कारण लॉगिन करने में परेशानी आ रही हे। ऐप को अपडेट कीजिए।",1,,2026-07-10 15:11:15,
Swachhata-MoHUA,com.ichangemycity.swachhbharat,1d9a16ac-eaa8-4cfd-9c89-b00859642117,Bajrang Bairwa,1,यह ऐप फेंक हैं मैं इस है पर कचरा साफ करने के लिए फोटो डाली लेकिन आज उसे फोटो को एक सप्ताह हो गया फिर भी और कचरा साफ नहीं हुआ है यह ऐप फेंक है इसे डाउनलोड ना करें बिल्कुल बिल्कुल घटिया है स्वच्छता के नाम पर धब्बा है इसे बिल्कुल डाउनलोड ना करें,6,2.10.5,2026-03-29 09:05:18,
Swachhata-MoHUA,com.ichangemycity.swachhbharat,7cf1c165-4cb0-4353-ba81-0eed733b6a3a,Sonu Goswami,1,शिकायत करने के बाबजूद कोई समाधान नहीं किया जाता क्या फायदा इस ऐप के माध्यम से स्वच्छता अभियान का प्रचार करने का।,4,2.10.2,2025-11-27 08:40:10,
Swachhata-MoHUA,com.ichangemycity.swachhbharat,cbdbbef7-3bbb-4632-86f9-9dec47509abc,sonu 125,1,इस ऐप पर कंप्लेंट करने पर कोई कार्यवाही नहीं होती सरकार फर्जी ऐप बनाकर लोगों को बेवकूफ बनाती है या फिर सरकारी अधिकारी निठल्ले हैं,9,2.10.2,2025-10-03 19:31:02,
Swachhata-MoHUA,com.ichangemycity.swachhbharat,db341ba5-2a09-410d-b22f-566843b41d0a,Ramkumar Saw,1,बेकार है कंप्लेंट के हुए 10 दिन से ऊपर हो चुका है लेकिन कुछ नही हुआ है,2,2.9.9,2025-09-05 23:17:47,
Swachhata-MoHUA,com.ichangemycity.swachhbharat,9c28daf1-06fc-4535-ab8a-a962dd6a5855,Dr Brajendra Astrologer,3,स्वच्छता के अभियान को जन जन तक पहुंचाना मात्र सरकार का कार्य नहीं है हम सभी नागरिकों का मूल कर्तव्य होना चाहिए। आपके प्रयास में भारत सरकार सहयोगी हो कर हमें स्वच्छता के प्रति अपने कर्तव्य का बोध कराने का उपक्रम प्रदान करती है। जय हिन्द जय भारत 🌍🇮🇳,1,,2024-09-06 11:14:54,
Swachhata-MoHUA,com.ichangemycity.swachhbharat,d1a5f0bf-57e4-4515-9f0d-4857ca4b1cb7,Ramjag ELECTRICWORkS,2,एमपी शिकायत की कोई सुनवाई,1,2.9.1,2024-05-27 22:25:01,
Swachhata-MoHUA,com.ichangemycity.swachhbharat,5dbe574f-45eb-4d79-9683-5948ab4d52f8,Shriram Chouhan,1,बेकार,0,2.8,2024-02-12 11:40:40,
Swachhata-MoHUA,com.ichangemycity.swachhbharat,0086410e-6415-4a9e-9a62-6818edc0c0b0,Anup Soni,5,अच्छा एप्प है सीधे समस्या का समाधान हो सकता ह,6,2.8,2024-01-06 09:04:34,
Swachhata-MoHUA,com.ichangemycity.swachhbharat,32f64cfc-7b2e-4433-aafa-799229dab869,Dhana Ram,1,शिकायतकर्ता की घाटी,0,,2023-12-19 09:44:16,
Swachhata-MoHUA,com.ichangemycity.swachhbharat,3e45bc9b-2a45-4beb-ab48-ca0ffb1d4529,Gotam Lal Patel,1,अभी काम नहीं कर रहा है,0,2.8,2023-07-08 10:23:46,
Swachhata-MoHUA,com.ichangemycity.swachhbharat,667949ae-8d0a-43a7-b07e-939f40659974,Balraj Chandel,1,कितनी भी बार फोटो खींच कर डाल दो कोई समाधान नहीं होता है सरकार का पैसा खराब कर रहे हैं,9,2.8,2023-06-07 14:35:10,
Swachhata-MoHUA,com.ichangemycity.swachhbharat,f0013e52-bfb6-45c1-b59b-9e7709bb3166,sanjay singh,1,बहुत ही बेकार है कुछ भी फोटो अपलोड करके कर देता है,5,2.0,2022-02-17 15:21:44,
Swachhata-MoHUA,com.ichangemycity.swachhbharat,25a15ccf-b3b2-4697-95dc-b21e98213b36,Prakash Nayak,5,बेकार् कि एप् हे कुछ् न्हि होता इस्से,0,2.0,2022-01-01 13:51:10,
Swachhata-MoHUA,com.ichangemycity.swachhbharat,ba923661-4bbb-4b1d-8571-db8707343e12,Anjani Kumar Sharma,1,बेकार काम नहीं करता है,4,2.0,2021-12-27 17:06:56,
Swachhata-MoHUA,com.ichangemycity.swachhbharat,1e92107c-60fe-48c2-b315-afad63994bca,Deevan yadav,5,हमारा ऐप खुल नहीं रहा क्या समस्या आ रही है,2,5.0.5,2021-02-27 04:42:29,
Swachhata-MoHUA,com.ichangemycity.swachhbharat,a72c1de3-8c69-4d19-bb8b-ba95402d4e01,Nikhilesh Singh,1,बहुत खराब,1,5.0.5,2020-11-28 07:55:29,
Swachhata-MoHUA,com.ichangemycity.swachhbharat,58b7546e-f6c7-4942-b051-0b60290a681a,Madhubha Jadeja,1,सही ढंग से काम नहीं करती 0 है,5,5.0.5,2020-11-26 11:36:27,
Swachhata-MoHUA,com.ichangemycity.swachhbharat,b8689491-5dfa-45d0-9ac6-b454671c2077,Google उपयोगकर्ता,1,शिकायत पर कोई कार्यवाही नहीं होती। ना ही कोई समय निश्चित हैं कि इतने समय में समस्या समाधान होगी।,32,5.0.0,2019-09-27 18:48:44,
Swachhata-MoHUA,com.ichangemycity.swachhbharat,28b08c74-3888-44a2-b0a4-e698f97ebc9b,Google उपयोगकर्ता,1,एप तो अच्छे के लिये ही बनाया है परन्तु मैनें एक शिकायत की परन्तु उसपर बिना कुछ किये ही resovled बता दिया गया अगर यही होता है तो इस एप का कोई फायदा नही है ओर ना ही वो हो पायेगा जिस के लिये ये बनाया गया हैं,26,4.8.4,2018-12-20 01:02:15,
Swachhata-MoHUA,com.ichangemycity.swachhbharat,5231cca6-2240-42f8-82e3-401bd17548f7,Google उपयोगकर्ता,5,सीकायत का ज्वाब जल्दी नही आता है,2,4.7.8,2018-10-20 15:36:56,
Swachhata-MoHUA,com.ichangemycity.swachhbharat,15b2193c-7932-42ed-9b1b-8d97b6cd9bf7,Google उपयोगकर्ता,1,यह ऐप किसी काम का नहीं है यहां पर कोई शिकायत नहीं होती ना सुनवाई होती है केवल यह दिखाने के लिए बनाया गया है मैंने काफी सारी शिकायत की है अभी तक एक भी शिकायत पर अमल नहीं हुआ,3,4.6.7,2018-09-06 13:20:29,
Swachhata-MoHUA,com.ichangemycity.swachhbharat,e54d93bb-6364-4a72-a968-9c1bf2a00d59,Google उपयोगकर्ता,1,ओपन होता ही नही है ऐसा लगता है कि सरकार चाहती ही नही कोई शिकायत कर पाए,3,4.6.7,2018-08-15 13:32:37,
Swachhata-MoHUA,com.ichangemycity.swachhbharat,9a29ab68-2907-4b51-a558-aaa615596c89,Google उपयोगकर्ता,5,ये सरकार की बहुत ही अच्छी पहल है इससे भारत के हर छोटे छोटे कोने में भी सफाई का अभियान चलाया जा सकता है,4,,2017-12-19 11:59:21,
Swachhata-MoHUA,com.ichangemycity.swachhbharat,b0605b60-9d74-4a19-aa9f-a18f512b1624,Google उपयोगकर्ता,5,आपका एप बहुत सुंदर है  लेकिन शहर के कार्मीक समय पर काम नहीं कर रहे हैं,5,4.3,2017-12-15 03:49:51,
Swachhata-MoHUA,com.ichangemycity.swachhbharat,ac308962-4f9d-49b7-9cb6-a148cf1b9359,Google उपयोगकर्ता,3,घरो मे पानी भर रहा है पर ना पार्षद सुनत है ना कोई.पर नाला कब बनेगा,3,2.7,2017-11-12 23:39:31,
Swachhata-MoHUA,com.ichangemycity.swachhbharat,080aad17-086f-4e93-b3ee-f280069cee45,Google उपयोगकर्ता,3,पोस्ट की हुई फोटो पर कोई कार्यवाही हुई या नहीं और कब तक होगी। किसी की जबाबदेही तय की जाये। यहां आगरा में जगह जगह कूड़ा जला देते हैं लोग। सिर्फ अखबारो में ही छपता रहता है। अभी तक कुछ भी नहीं हुआ है।,6,3.5,2017-10-05 22:55:52,
Swachhata-MoHUA,com.ichangemycity.swachhbharat,c40ff81e-a3c0-4f60-af9b-a90580aafbf9,Google उपयोगकर्ता,4,हमें खुद को एक जिम्मेदार नागरिक के रुप में रहना चाहिए कचरा नाली में न डालें रोड पर ना डाले कचरा कंटेनर में ही डाले। तो आप देखे की नगर शहर देश हमारा    80%वैसे ही स्वच्छ हो जायेगा। इस तरह की कोशिश में लगे रहो।,7,3.2,2017-06-26 01:21:41,"Hi Sunil Sharma, Thanks for your kind review. Please share this app with your friends. Also, could you update us why did you feel this app is not worth? We would consider your review & work for better upgradation to get our app user friendly. Help us do better :)"
Swachhata-MoHUA,com.ichangemycity.swachhbharat,05ac9607-eaaf-4f59-9a05-ce6436c5eaf3,Google उपयोगकर्ता,5,"स्वच्छता तन,मन के साथ -साथभ्रष्टाचार भ्रष्टाचार भ्रष्टाचार आचरण की भी होना चाहिए भ्रष्ट आचरण की भी सब स्वच्छता होना चाहिए",5,2.9,2017-02-04 19:43:31,"Hi Laxman, Thanks for your kind review. Please share this app with your friends."
UMANG,in.gov.umang.negd.g2c,15236abb-1b7b-439e-a4a3-715cc7858ec3,Google उपयोगकर्ता,5,पीएफ बैलेंस चेक नहीं हो रहा है और दवा भी नहीं हो रहा है पैसे निकल आए इसका उपायबताएं,0,2.19.0,2026-09-09 10:13:14,"Dear user, we regret the inconvenience. PF Passbook and Raise claim services on UMANG are currently undergoing migration, which may affect access. Services will resume shortly. Meanwhile, EPFO details can be accessed directly via the EPFO Member Portal at www.epfindia.gov.in. For help, email customercare@umang.gov.in or call 10505 (10 AM–6 PM)."
UMANG,in.gov.umang.negd.g2c,39dff97d-4dcc-4d44-afef-3fe8fd449b67,Google उपयोगकर्ता,5,बहु बेकार है भैया पैसा भी नहीं देखा,0,,2026-09-05 21:15:49,"Dear User, Thank you for your valuable rating and feedback. We're glad to know you're satisfied with the UMANG app. If you have any suggestions or feedback in the future, we’d be happy to hear from you. You may contact us through email at customercare@umang.gov.in, or you may also call us at 10505 (between 10:00 AM and 6:00 PM)."
UMANG,in.gov.umang.negd.g2c,85bec357-7647-4c31-a4c0-22cf9a091049,Google उपयोगकर्ता,5,दो महीने से बैलैंश नहीं दिख रहा है इस समस्या को ठिक करने के लिए आप से रिकवेस्ट है धंन्यवाद,3,2.23.4,2026-09-01 12:55:00,"Dear Kamlesh, we regret the inconvenience caused. EPFO services on UMANG are currently undergoing migration, which may affect access. Services will resume shortly. Meanwhile, EPFO details can be accessed directly via the EPFO Member Portal at www.epfindia.gov.in. For help, email customercare@umang.gov.in or call 10505 (10 AM–6 PM)."
UMANG,in.gov.umang.negd.g2c,d1a290c7-f709-4ab0-8977-fcf3f6c92eea,Google उपयोगकर्ता,5,2 महीने से काम नहीं कर रहा हैं,0,2.23.4,2026-08-28 07:15:38,"Dear Manju, thank you for your valuable rating and feedback. We’re delighted to know you are satisfied with the UMANG app. Your support motivates us to keep improving services. If you have any future suggestions or feedback for improvement, kindly share at customercare@umang.gov.in or call 10505 (10 AM–6 PM)."
UMANG,in.gov.umang.negd.g2c,94105017-5e5f-42f3-80e4-77e663748642,Google उपयोगकर्ता,5,यह चालू क्यों नहीं हो रहा भाई बीएफ,0,2.23.4,2026-08-27 23:44:54,"Dear Unnas, UMANG app is working fine. If you faced any issues while using, we’re extremely sorry for the inconvenience. Let us know and kindly we request you to share the issue faced by you so we can check and improve. Kindly email us the error screen recordings/screenshots with your contact number to customercare@umang.gov.in or call 10505."
UMANG,in.gov.umang.negd.g2c,cb4a3059-8e28-49ab-ba8a-40d3d6dfd378,Google उपयोगकर्ता,1,ये ऐप अभी काम नहीं कर रहा है! मतलब कुछ भी नहीं बता रहा है.. क्यों??,5,2.23.4,2026-08-20 22:30:51,"Dear Raghav, UMANG app is working fine. If you faced any issues while using, we’re extremely sorry for the inconvenience. Let us know and kindly we request you to share the issue faced by you so we can check and improve. Kindly email us the error screen recordings/screenshots with your contact number to customercare@umang.gov.in or call 10505."
UMANG,in.gov.umang.negd.g2c,808e05b7-837a-4b55-b522-65b09f87b9d3,Google उपयोगकर्ता,1,उमंग एप काम नहीं कर रहा है उपचार बताएं,1,2.23.4,2026-08-16 05:47:59,"Dear Toshan, if you faced any issues, we are extremely sorry for the inconvenience. Let us know and kindly we request you to share the issue faced by you, so we can check and improve the same. Kindly email us the error details/screenshots along with your contact number at customercare@umang.gov.in or call us at 10505."
UMANG,in.gov.umang.negd.g2c,39e0434c-1a5c-4717-8040-cc32bb66a5c9,Google उपयोगकर्ता,1,यह उमंग है बहुत बेकार है इसमें हम अपना पीएफ का पैसा भी नहीं देख पा रहा है क्यों,5,2.23.4,2026-08-06 19:19:13,"Dear Koushal, if you faced any issues, we are extremely sorry for the inconvenience. Let us know and kindly we request you to share the issue faced by you, so we can check and improve the same. Kindly email us the error details/screenshots along with your contact number at customercare@umang.gov.in or call us at 10505."
UMANG,in.gov.umang.negd.g2c,49efa9f9-6dec-402c-a193-47e9610865fa,Google उपयोगकर्ता,5,यह ऐप्स बहुत अच्छा है सरकारीकाम में,1,2.23.3,2026-07-31 12:05:20,"Dear Ankit, thank you for your valuable rating and feedback. We’re delighted to know you are satisfied with the UMANG app. Your support motivates us to keep improving services. If you have any future suggestions or feedback for improvement, kindly share at customercare@umang.gov.in or call 10505 (10 AM–6 PM)."
UMANG,in.gov.umang.negd.g2c,cc4f6014-2477-4bda-8354-f41c54f81a43,Google उपयोगकर्ता,5,उमंग एप चालू नहीं हो रहा है इसका क्या कारण है उसको चालू कर दीजिएगा,0,,2026-07-29 15:25:06,"Dear Kanheiya, we sincerely regret the inconvenience. Some UMANG services are temporarily unavailable due to ongoing maintenance and migration activities. Our team is working to restore them at the earliest. For assistance, please contact customercare@umang.gov.in or call 10505 (10 AM–6 PM)."
UMANG,in.gov.umang.negd.g2c,a1a9838a-72ec-48bc-9c95-65210e56450e,Google उपयोगकर्ता,1,कब तक चालू होगा ये एप्प जल्दी चालू करो यार मे अपना बेलेंस नही देख पारा हू 🥲🥲,5,2.23.2,2026-07-24 11:00:35,"Dear Anil, we regret the inconvenience caused. EPFO services on UMANG are currently undergoing migration, which may affect access. Services will resume shortly. Meanwhile, EPFO details can be accessed directly via the EPFO Member Portal at www.epfindia.gov.in. For help, email customercare@umang.gov.in or call 10505 (10 AM–6 PM)."
UMANG,in.gov.umang.negd.g2c,20d91640-0c84-46cf-8b86-12f920b39ab9,Google उपयोगकर्ता,1,मेरा ऐप अच्छे से काम नहीं हो रहा है,3,2.22.0,2026-07-07 22:33:01,"Dear Dheeraj, we are extremely sorry for the inconvenience. To help resolve the issue, we request you to share the issue faced by you, so we can check and improve the same. Kindly email us the error details/screenshots along with your contact number at customercare@umang.gov.in or call us at 10505."
UMANG,in.gov.umang.negd.g2c,159f5ccd-d57e-43d0-a665-3bb426e1cdd1,Google उपयोगकर्ता,5,सरकारी ऐप {xiv},0,2.19.0,2026-06-25 12:58:12,"Dear Prakash, Thank you for your valuable rating and feedback. We're glad to know you're satisfied with the UMANG app. If you have any suggestions or feedback in the future, we’d be happy to hear from you. You may contact us through email at customercare@umang.gov.in, or you may also call us at 10505 (between 10:00 AM and 6:00 PM)."
UMANG,in.gov.umang.negd.g2c,a9c5d4f1-15cd-4f89-ae24-ffdf6b507ac6,Google उपयोगकर्ता,1,ऐप्स डाउनलोड तो हो गया है पर ओपन नहीं हो रहा है,7,2.22.0,2026-06-11 14:42:28,"Dear User, if you faced any issues, we are extremely sorry for the inconvenience. Let us know and kindly we request you to share the issue faced by you, so we can check and improve the same. Kindly email us the error details/screenshots along with your contact number at customercare@umang.gov.in or call us at 10505."
UMANG,in.gov.umang.negd.g2c,7f75e7c1-7a36-4f7c-94d1-a5d6098999c9,Google उपयोगकर्ता,5,ऐप काम नहीं कर रहा है,11,2.20.2,2026-04-27 20:46:02,"Dear Anand, thank you for your valuable rating and bringing this to our attention. To help resolve the issue, we request you to share the issue faced by you, so we can check and improve the same. Kindly email us the error details/screenshots along with your contact number at customercare@umang.gov.in or call us at 10505."
UMANG,in.gov.umang.negd.g2c,4d3cd14e-058a-42d5-8a47-600b71408f0c,Google उपयोगकर्ता,3,"वोटर आईडी कार्ड का डाउनलोड एवं संशोधन करने का विकल्प ओर सेटिंग मिलें साथ साथ उमंग एप्प ओर डीजिटल लॉकर से लिंक किया जाएं, जागरुकता शिक्षा के प्रचार प्रसार ओर संचार सोसल मीडिया के माध्यम से आवश्यक जानकारी एवं सूचना सभी भारतीय नागरिकों को मिलना चाहिए वीडियो आडियो फोटो सन्देश समाचार ज्ञान-विज्ञान प्रशिक्षण,नवीनतम नवाचार अनुसंधानों संस्थानों एवं आधुनिक तकनीकों के बारे में विस्तार से बताएं,भारतीय आध्यात्मिक एवं आयुर्वैदिक शिक्षा भी उपलब्ध हो,आयुर्वेद कृषि विकासित सुरक्षित शिक्षित एवं स्वास्थ्यवर्धक हो",9,2.20.2,2026-04-22 07:30:29,"Dear User, thank you for sharing your feedback and suggestions. We appreciate your ideas on adding voter ID services, awareness initiatives, and promoting education and technology and we are happy to hear from you. If you have further suggestions, you may contact us at customercare@umang.gov.in or call 10505 (10 AM–6 PM). Happy to assist you!"
UMANG,in.gov.umang.negd.g2c,42fae308-4a39-487a-bf51-6a3a28dd01bd,Google उपयोगकर्ता,1,यह बहुत गंदा ऐप है इतना परेशान करता है इतना तो सरकारी अस्पताल में भी बंदा परेशान नहीं होता बहुत सर्वे डाउन रहते हैं हमेशा अगर इसमें सुधार नहीं किया गया तो इस ऐप का पता नहीं पर हमारा दिमाग का पत्ता जरूर कट जाएगा,11,2.19.0,2026-03-30 20:44:46,"Dear Jani, if you faced any issues, we are extremely sorry for the inconvenience. Let us know and kindly we request you to share the issue faced by you, so we can check and improve the same. Kindly email us the error details/screenshots along with your contact number at customercare@umang.gov.in or call us at 10505."
UMANG,in.gov.umang.negd.g2c,f6accf8d-786e-459d-955d-aa8130be5146,Google उपयोगकर्ता,5,शिक्षा lsksksk,0,2.19.0,2026-03-18 20:30:16,"Dear User, we are sorry, but we could not get your concern. We request you to please elaborate your concern/query so we can provide you the best assistance. You may contact us through email at customercare@umang.gov.in or call us at 10505 (between 10:00 AM and 6:00 PM)."
UMANG,in.gov.umang.negd.g2c,3178a65e-ef85-429f-b475-35d2a5a04ff0,Google उपयोगकर्ता,3,महोदय मेरे फोन में उमंग एप डाउनलोड नहीं हो रहा है 4-5 दिन से परेशान हूं पता नहीं क्यों डाउनलोड हो जाने के बावजूद खुलता नहीं है कृपया सहायता मदद करे,10,2.19.0,2026-03-07 16:37:52,"Dear User, thank you for your valuable rating and bringing this to our attention. To help resolve the issue, we request you to share the issue faced by you, so we can check and improve the same. Kindly email us the error details/screenshots along with your contact number at customercare@umang.gov.in or call us at 10505."
UMANG,in.gov.umang.negd.g2c,ce6944ad-d284-4927-be23-e7ffdaaa475b,Google उपयोगकर्ता,2,यह खुल नहीं रहा है बहुत ही बेकार हैभाई कोई भी डाउनलोड मत करना नहीं तो आप कानेट बर्बाद हो गा,8,2.19.0,2026-02-27 02:56:08,"Dear Durgesh, if you faced any issues, we are extremely sorry for the inconvenience. Let us know and Kindly we request you to share the issue faced by you, so we can check and improve the same. Kindly email us the error details/screenshots along with your contact number at customercare@umang.gov.in or call us at 10505."
UMANG,in.gov.umang.negd.g2c,b772f032-ff6e-4b41-8d51-3aae515d1f89,Google उपयोगकर्ता,5,सरकार किसानों मजदूरों को लाभ के बारे में सहीजानकारी देती है सही जानकारी मिलना चाहिए ऐप्स केमाध्यम से,0,,2026-02-20 09:37:29,"Dear Rajendra, Thank you for your valuable rating and feedback. We're glad to know you're satisfied with the UMANG app. If you have any suggestions or feedback in the future, we’d be happy to hear from you. You may contact us through email at customercare@umang.gov.in, or you may also call us at 10505 (between 10:00 AM and 6:00 PM)."
UMANG,in.gov.umang.negd.g2c,59d38123-fc21-466c-ad8a-e406a156a4a8,Google उपयोगकर्ता,1,यह मेरे फोन में लोगों क्यों नहीं हो रहा लोडिंग ले रहा और ओपन नहीं हो रहा है,6,2.17.0,2026-01-27 09:05:35,"Dear Ajit, we are extremely sorry for the inconvenience. To investigate further, we request you to share more details of the issue, like request time/device/error message etc., so that we can check & rectify. Kindly email us the error details/screenshots along with your contact number at customercare@umang.gov.in or call us at 10505."
UMANG,in.gov.umang.negd.g2c,251255e8-b362-44fd-96d4-45e228b8c127,Google उपयोगकर्ता,1,बेकार,0,2.16.1,2026-01-19 19:37:46,"Dear Tokir, if you faced any issues, we are extremely sorry for the inconvenience. Let us know and Kindly we request you to share the issue faced by you, so we can check and improve the same. Kindly email us the error details/screenshots along with your contact number at customercare@umang.gov.in or call us at 10505."
UMANG,in.gov.umang.negd.g2c,33ebce9b-692d-4bad-9d99-69158ccb601d,Google उपयोगकर्ता,5,बहुत ही अच्छा ऐप्स है उमंग इसमें कोई धोखा धड़ी नहीं है,0,,2026-01-17 16:50:57,"Dear Arjun, Thanks for sharing your valuable rating and feedback. We have considered the same and we are continuously making UMANG better by onboarding more central & state government services. You may contact us through email at customercare@umang.gov.in or you may also call us at 10505 (between 10:00 AM and 6:00 PM). Happy to assist you!"
UMANG,in.gov.umang.negd.g2c,a6a50e70-2419-4d50-8578-5f235caf1cf3,Google उपयोगकर्ता,1,जल्दी खुलता नहीं जल्दी खुलता नहीं आप,3,2.16.1,2026-01-14 18:02:35,"Dear Rameshwar, we are extremely sorry for the inconvenience. To help resolve the issue, we request you to share the issue faced by you, so we can check and improve the same. Kindly email us the error details/screenshots along with your contact number at customercare@umang.gov.in or call us at 10505."
UMANG,in.gov.umang.negd.g2c,d2c42d27-888e-4292-9275-ec5da5cef283,Google उपयोगकर्ता,2,बेकार इंस्टॉल नहीं हो रहा है,4,2.16.1,2026-01-08 17:51:16,"Dear Vikas, we are extremely sorry for the inconvenience. To help resolve the issue, we request you to share the issue faced by you, so we can check and improve the same. Kindly email us the error details/screenshots along with your contact number at customercare@umang.gov.in or call us at 10505."
UMANG,in.gov.umang.negd.g2c,48ae54bf-9403-4631-a430-5725a2c4f1cd,Google उपयोगकर्ता,5,मैं पैसे निकालना चाहता हूं लेकिन नहीं निकल पा रहा है आखिर क्यासमस्या है,29,2.16.1,2026-01-06 15:37:04,"Dear Mohammad, Thanks for sharing your valuable rating and feedback. We have considered the same and we are continuously making UMANG better by onboarding more central & state government services. You may contact us through email at customercare@umang.gov.in or you may also call us at 10505 (between 10:00 AM and 6:00 PM). Happy to assist you!"
UMANG,in.gov.umang.negd.g2c,c54f652d-a0ac-4d27-9986-faf0cb330326,Google उपयोगकर्ता,5,बहुत ही अच्छा उमंग ऐप सभी प्रकार की जानकारी प्राप्त होती है हर समस्याएं का समाधान हो जाता है सभी प्रकार समस्या का सोलह हों जाता है सभी मित्रों को मेरा यही कहना चाहता आप ही एक बार उमंग ऐप जरुर जरुर डाउनलोड करें जय श्री राम ज़ी राम ज़ी,45,2.14.2,2025-12-30 08:25:55,"Dear Sonsingh, Thanks for sharing your valuable rating and feedback. We have considered the same and we are continuously making UMANG better by onboarding more central & state government services. You may contact us through email at customercare@umang.gov.in or you may also call us at 10505 (between 10:00 AM and 6:00 PM). Happy to assist you!"
UMANG,in.gov.umang.negd.g2c,8dc7334a-51de-40f4-8672-af9ee4268f9f,Google उपयोगकर्ता,5,मेरा उमग में लोग इन नहीं हो रहा है,5,2.16.1,2025-12-24 16:04:30,"Dear Ram, Thanks for sharing your valuable rating and feedback. We have considered the same and we are continuously making UMANG better by onboarding more central & state government services. You may contact us through email at customercare@umang.gov.in or you may also call us at 10505 (between 10:00 AM and 6:00 PM). Happy to assist you!"
UMANG,in.gov.umang.negd.g2c,ef16517d-b731-4bcc-9614-239350a680c8,Google उपयोगकर्ता,5,यह एक सरकारी वेबसाइट है बहुत अच्छी वेबसाइट है आप सब लोग मेरे से डाउनलोड करें और इस्तेमाल करें इससे कोई भी धोखाधड़ी नहीं होती है धन्यवाद,122,2.16.1,2025-12-24 11:28:53,"Dear Shyamu, Thanks for sharing your valuable rating and feedback. We have considered the same and we are continuously making UMANG better by onboarding more central & state government services. You may contact us through email at customercare@umang.gov.in or you may also call us at 10505 (between 10:00 AM and 6:00 PM). Happy to assist you!"
UMANG,in.gov.umang.negd.g2c,b1fd3711-6612-46c3-815a-bdb54bc5c2fd,Google उपयोगकर्ता,5,सरकार से अनूरोध है कि पेंशन निकालने का अपसन तत्काल दे,38,2.12.0,2025-09-11 13:02:32,"Dear Sajre, Thanks for sharing your valuable feedback. We have considered the same, and we are continuously making UMANG better by onboarding more central & state government services. You may contact us through email at customercare@umang.gov.in, or you may also call us at 10505 (between 10:00 AM and 6:00 PM). Happy to assist you!"
UMANG,in.gov.umang.negd.g2c,cb20627e-45d4-4a80-9a55-dea058a1dbbb,Google उपयोगकर्ता,4,बहुत खराब,0,,2025-07-11 09:42:58,"Dear Krishna, We are extremely sorry for the inconvenience. We are constantly trying to improve UMANG services and users' experience. We request you to share the issue faced by you, so we can check and improve the same. Please email us error details at customercare@umang.gov.in or call us at 10505. We will be happy to help you!"
UMANG,in.gov.umang.negd.g2c,5664c528-aa9f-42ef-a1d6-62b8b04a2be6,Google उपयोगकर्ता,1,एक महीने से काम नहीं कर रहा है इपीएफ पासबुक नहीं खुल रही है ना कुछ दिख रहा हैईपीएफओ,25,2.10.2,2025-06-19 19:40:52,"प्रिय विनोद, असुविधा के लिए हमें खेद है। EPFO ​​व्यू पासबुक सेवा वर्तमान में विभाग की ओर से बाधित है। हम विभाग के संपर्क में हैं और इस मुद्दे को जल्द से जल्द हल करने के लिए काम कर रहे हैं। आपके धैर्य के लिए धन्यवाद।"
UMANG,in.gov.umang.negd.g2c,808b1b76-01c6-49cf-8e60-af0e0bddba78,Google उपयोगकर्ता,1,उमंग एप्लिकेशन पीएफ बैलेंस नहीं चेक हो रहा है मेरी समस्या का समाधान करें बड़ी मेहरबानी,8,2.9.0,2025-06-11 22:01:51,"Dear Tugarul, We regret for the inconvenience. EPFO view passbook service is currently interrupted from the department's side. We are in touch with the department and working to resolve the issue as quickly as possible. Thank you for your patience."
UMANG,in.gov.umang.negd.g2c,07fbc92e-0f25-4572-8ae5-25034d9a7eb3,Google उपयोगकर्ता,1,इस ऐप में आज तक कोई योजना का लाभ नहीं हुआ सब बेकार है,4,,2025-05-28 21:11:41,"प्रिय सुनील जी, आपको हुई असुविधा के लिए हमें खेद है। कृपया उस विभाग/सेवा का विवरण साझा करें जहां आप समस्या का सामना कर रहे हैं। हम आपसे अनुरोध करते हैं कि समस्या का विवरण, अपने संपर्क नंबर के साथ customercare@umang.gov.in पर ईमेल करें या हमें 10505 पर कॉल करें। आपकी सहायता करने में प्रसन्नता होगी।"
UMANG,in.gov.umang.negd.g2c,de7cc44a-39f8-4e94-9b6f-cd63ece5a5ab,Google उपयोगकर्ता,1,आपकी ऐप बहुत ही पेचीदा है। इसमें स्पष्ट दिशा निर्देश व ऑप्शन नहीं दिए गए हैं जिस कारण यूजर्स को बहुत ही परेशानी का सामना करना पड़ता है। मेरे जैसे पढ़े लिखे लोग ही इतनी कंफ्यूजन में पड़ जाते हैं तो बाकी लोगों को इस ऐप का उपयोग करने में कितनी दुविधा का सामना करना पड़ता होगा। भारत सरकार को कुछ अच्छे इंजीनियर भर्ती करने चाहिए जो इस ऐप को सही से काम करने लायक बना सके।,70,2.9.0,2025-05-22 13:44:55,"Dear Lovish, We are extremely sorry for the inconvenience. We are constantly trying to improve UMANG services and citizens experience. We request you to share the issue faced by you so we can check and improve the same. Please email us error details at customercare@umang.gov.in or call us at 10505. We will be happy to help you!"
UMANG,in.gov.umang.negd.g2c,0a94ecfe-46fa-49f8-b61d-887b881d5f4f,Google उपयोगकर्ता,2,उमंग एप्स ओपन नहीं हो रही है समस्या का जल्द से जल्द निराकरण किया,15,2.6.0,2025-01-18 14:49:53,"भगवान जी , हम आपकी मदद करने में प्रसन्न हैं। कृपया अपने संपर्क विवरण हमारे साथ साझा करें या आपसे अनुरोध है कि आप हमें अपना संपर्क विवरण customercare@umang.gov.in पर ईमेल करें या हमारे साथ कॉल / चैट के माध्यम से कनेक्ट करें ताकि हम बेहतर सहायता के लिए आपके साथ जुड़ सकें। आपकी सहायता करने में प्रसन्नता होगी !"
UMANG,in.gov.umang.negd.g2c,74251637-11d7-4e57-a0fd-ca597bc48978,Google उपयोगकर्ता,5,गवर्नमेंट की तरफ से बहुत ही अच्छा उमंग है जो अच्छे से जानकारी और सारी जानकारी आपकी यहां पर उपलब्ध है और एक बार जानकारियां अपडेट कर देंगे तो आपकी जानकारी हमेशा दिखाई देगी गवर्नमेंट भारत सरकार पीएम मोदी का बहुत बहुत धन्यवाद जो ऐसा है अप्लाई है जो हर परिवार हर समाज के हर नागरिक को बहुत ही मदद करता है,158,2.5.1,2024-12-20 15:51:13,"हदामन जी , अपनी बहुमूल्य प्रतिक्रिया साझा करने के लिए धन्यवाद। हम इस दिशा में काम कर रहे हैं और लगातार केंद्र और राज्य सरकार की और सेवाओं को जोड़कर उमंग को बेहतर बना रहे हैं। आप आप हमें customercare@umang.gov.in पर ईमेल के माध्यम से संपर्क कर सकते हैं या हमें 1800-11-5246 पर कॉल भी कर सकते हैं। आपकी सहायता करने में प्रसन्नता होगी !"
UMANG,in.gov.umang.negd.g2c,e1780f6e-c8c8-488b-8947-224a480373e3,Google उपयोगकर्ता,1,उमंग सरकारी ऐप से पेन कार्ड पासपोर्ट गेस बुकिंग ड्राईविंग लाईसेन्स ट्रेन टिकट बुकिंग जैसे कई काम कर सकते .,8,,2024-09-28 14:45:00,"Dear Kishnaram, Thank you for your positive feedback! If you enjoyed the application, please consider giving us a higher rating. We also request you to use the latest version of the UMANG app and share your feedback at customercare@umang.gov.in or call us at 1800-11-5246. We’re happy to assist you!"
UMANG,in.gov.umang.negd.g2c,f9b72fc9-220c-400e-ac14-de91f41ddc72,Google उपयोगकर्ता,5,उमंग के द्वारा सभी सरकारी काम आसानी से प्राप्त हो जाते हैं मुझे बहुत अच्छा लगा जय जय श्री कृष्णा,64,2.1.1,2024-09-21 20:58:29,"Dear Shiv, Thanks for sharing your valuable feedback. We have considered the same & we are continuously making UMANG better by onboarding more central & state government services. You may contact us through email at customercare@umang.gov.in or you may also call us at 1800-11-5246 (between 10:00 AM and 6:00 PM). Happy to assist you!"
UMANG,in.gov.umang.negd.g2c,a6a12703-472c-4c0b-ac60-5eeda10205dd,Google उपयोगकर्ता,5,सभी सरकारी सुविधाओं का बहुत अच्छा प्लैटफॉर्म,28,2.0.103,2024-07-31 15:21:40,"Dear Krishna, Thanks for sharing your valuable feedback. We have considered the same & we are continuously making UMANG better by onboarding more central & state government services. You may contact us through email at customercare@umang.gov.in or you may also call us at 1800-11-5246 (between 10:00 AM and 6:00 PM). Happy to assist you!"
UMANG,in.gov.umang.negd.g2c,8bef99c6-d371-421a-aff9-9cd72273bdbd,Google उपयोगकर्ता,3,पहले बहुत अच्छा था अभी अभी बहुत खराब हो गया है चलाने में बहुत तकलीफ आ रही है दूसरों के मोबाइल में अच्छा चल रहा है खाली हमारे मोबाइल में नहीं चल रहा,72,2.0.90,2024-01-06 11:12:23,"आरिफ़ जी, आपको हुई असुविधा के लिए हमें खेद है। कृपया उस विभाग/सेवा का विवरण साझा करें जहां आप समस्या का सामना कर रहे हैं। हम आपसे अनुरोध करते हैं कि समस्या का विवरण, अपने संपर्क नंबर के साथ customercare@umang.gov.in पर ईमेल करें या हमें 1800-11-5246 पर कॉल करें। आपकी सहायता करने में प्रसन्नता होगी।"
UMANG,in.gov.umang.negd.g2c,5a0940da-cae7-4905-8f43-5d37e91f5c39,Google उपयोगकर्ता,5,मेरा ईपीएफओ ऐप लोड नहीं हो रहा है,33,2.0.87,2023-12-02 07:35:07,"Dear Ram, We regret the inconvenience that you experienced. As we checked, EPFO services are working fine. It may be an intermittent issue and we request you to try again now. If you still facing any issue, please email us at customercare@umang.gov.in or call us at 1800-11-5246. We will be happy to help you!"
UMANG,in.gov.umang.negd.g2c,8a0c1285-3173-4958-b0a0-4d5d3b1cc05c,Google उपयोगकर्ता,1,मोबाइल में काम नहीं कर रहा है,43,2.0.86,2023-11-13 11:11:36,"Dear Masiullah, We regret for the inconvenience caused to you. We have fixed the issue and new version of UMANG app has been launched. We request you to please update the UMANG app to v 2.0.87 and try again. If you still face any issue/error, request you to email us at customercare@umang.gov.in or call us at 1800-11-5246."
UMANG,in.gov.umang.negd.g2c,e4a5565f-cd33-4055-8708-838af15fca67,Google उपयोगकर्ता,3,जिले देखे तो उनमें जिलों को कोई योजना नहीं क्या है तो जिले बार डाले और उनसे लाभार्थियों को जोड़े अब तो एक ओर नजर आया है कि कोई भी गवर्मेंट किसी पर भी नजर रख सकती है शायद पर्सनल डोकोमंट्री भी अब नागरिक कि पर्सनल नहीं रहेगी गूगल की तरह. बहुत सी सर्विस काम नहीं करती कंज्यूमर शिकायत सर्विस आयुष्मान कार्ड डाउनलोड श्रम विभाग कैरक्टर सर्टिफिकेट पुलिस ई कोर्ट साइबर क्राइम पुलिस तो नागरिक किसी भी जगह अप्लाये नहीं कर सकता चाहे पात्र हो या नहीं id बाला खेल है id बाले पुरा करते नहीं करते तो अपनी मर्जी से,8,2.0.82,2023-10-24 22:04:13,"प्रिय उपयोगकर्ता, हम आपकी मदद करने में प्रसन्न हैं। कृपया अपने संपर्क विवरण हमारे साथ साझा करें या आपसे अनुरोध है कि आप हमें अपना संपर्क विवरण customercare@umang.gov.in पर ईमेल करें या हमारे साथ कॉल / चैट के माध्यम से कनेक्ट करें ताकि हम बेहतर सहायता के लिए आपके साथ जुड़ सकें। आपकी सहायता करने में प्रसन्नता होगी !"
UMANG,in.gov.umang.negd.g2c,d5d7ca86-11ad-415d-b0ec-92938deab211,Google उपयोगकर्ता,2,"ये एप्लीकेशन जनता के किसी काम की नही है इसमें सरकारी कोई भी काम नही होता और नाही यह ठीक से काम करता है कुछ ऐसा बनाते जिससे जनता का भला होता सरकारी किसी भी योजना का लाभ इस एप्लीकेशन से नही मिलता फिर इसका क्या होगा धन्यवाद भारत सरकार का ,बेफकूफ बनाया जा रहा है",7,,2023-09-14 11:42:44,"सिसका जी, आपको हुई असुविधा के लिए हमें खेद है। कृपया उस विभाग/सेवा का विवरण साझा करें जहां आप समस्या का सामना कर रहे हैं। हम आपसे अनुरोध करते हैं कि समस्या का विवरण, अपने संपर्क नंबर के साथ customercare@umang.gov.in पर ईमेल करें या हमें 1800-11-5246 पर कॉल करें। आपकी सहायता करने में प्रसन्नता होगी।"
UMANG,in.gov.umang.negd.g2c,dff96234-e79b-4f45-8374-71106e718bc5,Google उपयोगकर्ता,1,फीडबैक के आधार पर शिकायत को पुनः जांच की जानी चाहिएं,56,2.0.72,2023-07-26 12:12:11,"अखिलेश जी, आपको हुई असुविधा के लिए हमें खेद है। कृपया उस विभाग/सेवा का विवरण साझा करें जहां आप समस्या का सामना कर रहे हैं। हम आपसे अनुरोध करते हैं कि समस्या का विवरण, अपने संपर्क नंबर के साथ customercare@umang.gov.in पर ईमेल करें या हमें 1800-11-5246 पर कॉल करें। आपकी सहायता करने में प्रसन्नता होगी।"
UMANG,in.gov.umang.negd.g2c,cf3e544f-7fc7-4084-8639-51c2d7a3f208,Google उपयोगकर्ता,1,ईपीएफ का विवरण नहीं हो रहा है,51,2.0.70,2023-06-20 19:30:32,"Dear Manoj, We are sorry for the experience. We request you to elaborate your concern/query related to EPF services, so we can provide you the best assistance. You may contact us through email at customercare@umang.gov.in or call us at 1800-11-5246 (between 10:00 AM and 6:00 PM)."
UMANG,in.gov.umang.negd.g2c,0884cbb0-e12e-4a00-a53b-1117620cd2c9,Google उपयोगकर्ता,5,बहुत ज्यादा बेकार एप है,1,2.0.59,2023-05-28 14:47:27,"Dear User, Thanks for sharing your valuable feedback. We have considered the same & we are continuously making UMANG better by onboarding new features/updates & services at UMANG. Also, we request you to install latest app(v2.0.67). Please install & share your feedback at email/call us in case you face any issues in the latest version."
UMANG,in.gov.umang.negd.g2c,cd70f5f6-0ac2-49c7-8a12-74dd75d4a7df,Google उपयोगकर्ता,5,इस एप्लिकेशन में सभी सेवाएं काम नहीं करता है और जो काम भी करता वह भी कभी कभी सेक्सेस फुल नहीं है आग्रह है कि सुधार करे,9,2.0.59,2023-05-08 10:13:53,"प्रिय उपयोगकर्ता, हमने आपके द्वारा अनुभव की गई असुविधा के लिए खेद व्यक्त करते हैं। हम आप से अनुरोध करते है की उन सेवाओं/विभाग का विवरण हमारे साथ साझा करें जहां आप समस्या का सामना कर रहे हैं। कृपया हमें customercare@umang.gov.in पर ईमेल करें या 1800-11-5246 पर (सुबह 10:00 से शाम 6:00 बजे के बीच) कॉल करें। आपकी सहायता करने में प्रसन्नता होगी !"
UMANG,in.gov.umang.negd.g2c,d1a281c9-e594-4edd-baea-a05e56874c7f,Google उपयोगकर्ता,1,काम नहीं कर रहा है क्रप्या इसे ठीक करदै तो अच्छा है,36,2.0.59,2023-04-26 04:33:06,"प्रिय उपयोगकर्ता, हमने आपके द्वारा अनुभव की गई असुविधा के लिए खेद व्यक्त करते हैं। हम आप से अनुरोध करते है की उन सेवाओं/विभाग का विवरण हमारे साथ साझा करें जहां आप समस्या का सामना कर रहे हैं। कृपया हमें customercare@umang.gov.in पर ईमेल करें या 1800-11-5246 पर (सुबह 10:00 से शाम 6:00 बजे के बीच) कॉल करें। आपकी सहायता करने में प्रसन्नता होगी !"
UMANG,in.gov.umang.negd.g2c,3f41e7ec-bd6f-429a-b17e-df97a01d9aee,Google उपयोगकर्ता,5,उमंग एप ओपन नहीं हो रहा है,6,2.0.55,2023-03-11 17:05:54,"Dear User, As checked, UMANG app is working fine. We are not able to reproduce any error. This might be an intermittent problem so requested to try again. If you still face the issue, please share your contact details with us or request you to email us the stepwise error details at customercare@umang.gov.in. Happy to assist you!"
UMANG,in.gov.umang.negd.g2c,d3f08e63-a7ea-40bf-99b6-93f2e0feb4a3,Google उपयोगकर्ता,2,"बहुत अच्छा एप्लिकेशन है इस एप्लीकेशन मे उत्तर प्रदेश की सभी जानकारी उपलब्ध कराये सर जैसे भूलेख व भू नक्शा राजस्व विभाग , ईसाथी ,मनरेगा शिकायत पोट्रल ,जिले के डीएम व एसपी व एसडीएम शिकायत पोट्रल उपलब्ध कराये सर धंयवाद",63,2.0.52,2023-02-05 23:52:25,"प्रिय उपयोगकर्ता, अपनी बहुमूल्य प्रतिक्रिया साझा करने के लिए धन्यवाद। हम इस दिशा में काम कर रहे हैं और लगातार केंद्र और राज्य सरकार की और सेवाओं को जोड़कर उमंग को बेहतर बना रहे हैं। आप आप हमें customercare@umang.gov.in पर ईमेल के माध्यम से संपर्क कर सकते हैं या हमें 1800-11-5246 पर कॉल भी कर सकते हैं। आपकी सहायता करने में प्रसन्नता होगी !"
UMANG,in.gov.umang.negd.g2c,196d8fb8-c628-49ad-baf5-75f35df62bb8,Google उपयोगकर्ता,5,डाउनलोड नहीं हो रहा है प्लीज कुछ ऐसा करें कि डाउनलोड हो जाए,75,2.0.52,2023-01-24 08:30:03,"Dear User, As checked, UMANG install is working fine. We didn't find any issue here. This might be an network fluctuation at your end so requested you to try again. Please make sure that your device is not rooted and device Android version is 8.0 or above. If you still face the issue, please email us the stepwise error details or call us."
UMANG,in.gov.umang.negd.g2c,cfc64a45-426c-47a3-a7e4-e2901922fba8,Google उपयोगकर्ता,1,नये वर्जन को अपडेट करने के बाद उमंग एप खूल ही नहीं रहा है एक दम बेकार 19/11/2022 के बाद कोई काम का नहीं है,67,2.0.40,2022-11-22 01:10:33,"Dear User, We regret for the inconvenience. We have fixed the issue and new version of UMANG app has been launched. We request you to please update the UMANG app to v 2.0.49 and try again. If there is any issue faced by you, please email us at customercare@umang.gov.in or call us at 1800-11-5246. Happy to assist you!"
UMANG,in.gov.umang.negd.g2c,8392af7c-8c13-46bb-b0b2-ef930057bed1,Google उपयोगकर्ता,1,"इस ऐप की कोई आवश्यकता नहीं, किसी काम का नहीं, कोई काम नहीं करता। अतः मैं इसे हटा रहा हूं।",68,2.0.39,2022-11-15 19:31:20,"प्रिय उपयोगकर्ता, हमने आपके द्वारा अनुभव की गई असुविधा के लिए खेद व्यक्त करते हैं। हम आप से अनुरोध करते है की उन सेवाओं/विभाग का विवरण हमारे साथ साझा करें जहां आप समस्या का सामना कर रहे हैं। कृपया हमें customercare@umang.gov.in पर ईमेल करें या 1800-11-5246 पर (सुबह 10:00 से शाम 6:00 बजे के बीच) कॉल करें। आपकी सहायता करने में प्रसन्नता होगी !"
UMANG,in.gov.umang.negd.g2c,1a2b0d8f-a0d9-4944-b53d-b6c833da9576,Google उपयोगकर्ता,5,उमंग ऐप काम नहीं कर रहा है,63,2.0.38,2022-09-30 21:33:14,"Dear User, Please share the details of the department/services where are you facing the issue. We request you to share the stepwise error details, along with your contact number at customercare@umang.gov.in or call us at 1800-11-5246. We will try to meet your expectations. Happy to assist you!"
UMANG,in.gov.umang.negd.g2c,f913dcbf-bf5a-4ed7-b9e9-03ea8b3baacd,Google उपयोगकर्ता,1,काम नहीं कर रहा है सुधार करे,4,2.0.38,2022-09-03 20:25:23,"प्रिय उपयोगकर्ता, हमने आपके द्वारा अनुभव की गई असुविधा के लिए खेद व्यक्त करते हैं। हम आप से अनुरोध करते है की उन सेवाओं/विभाग का विवरण हमारे साथ साझा करें जहां आप समस्या का सामना कर रहे हैं। कृपया हमें customercare@umang.gov.in पर ईमेल करें या 1800-11-5246 पर (सुबह 10:00 से शाम 6:00 बजे के बीच) कॉल करें। आपकी सहायता करने में प्रसन्नता होगी !"
UMANG,in.gov.umang.negd.g2c,2d00926c-8b7f-4658-92e7-999d395c3389,Google उपयोगकर्ता,5,आपका बहुत बहुत धन्यवाद जी कि आपने हमारे द्वारा व्यक्त की भावनाओं को अपेक्षित सम्मान और सहयोग किया है। भविष्य में यदि कोई समस्या आती है तो आपके संज्ञान में लाने का प्रयास किया जाएगा। पुनः आपको बहुत बहुत आभार।,19,2.0.36,2022-07-08 15:35:28,"प्रिय उपयोगकर्ता, अपनी बहुमूल्य प्रतिक्रिया साझा करने के लिए धन्यवाद। हम इस दिशा में काम कर रहे हैं और लगातार केंद्र और राज्य सरकार की और सेवाओं को जोड़कर उमंग को बेहतर बना रहे हैं। आप आप हमें customercare@umang.gov.in पर ईमेल के माध्यम से संपर्क कर सकते हैं या हमें 1800-11-5246 पर कॉल भी कर सकते हैं। आपकी सहायता करने में प्रसन्नता होगी !"
UMANG,in.gov.umang.negd.g2c,91af0d87-d133-4b84-9437-a495559555f4,Google उपयोगकर्ता,5,बहुत उपयोगी एप जिसमे सरकारी सुविधाओं का लाभ उठा सकते हैं करीब करीब ऑल इन वन एप है,31,2.0.35,2022-06-09 20:25:11,"Dear User, Thanks for sharing your valuable feedback. We have considered the same & we are continuously making UMANG better by onboarding more central & state government services. You may contact us through email at customercare@umang.gov.in or you may also call us at 1800-11-5246 (between 10:00 AM and 6:00 PM). Happy to assist you!"
UMANG,in.gov.umang.negd.g2c,51a8b628-51a0-4d04-8707-11882afe154a,Google उपयोगकर्ता,1,बहुत बेकार है,3,2.0.30,2022-02-19 12:12:16,"प्रिय उपयोगकर्ता, हमने आपके द्वारा अनुभव की गई असुविधा के लिए खेद व्यक्त करते हैं। हम आप से अनुरोध करते है की उन सेवाओं/विभाग का विवरण हमारे साथ साझा करें जहां आप समस्या का सामना कर रहे हैं। कृपया हमें customercare@umang.gov.in पर ईमेल करें या 1800-11-5246 पर (सुबह 10:00 से शाम 6:00 बजे के बीच) कॉल करें। आपकी सहायता करने में प्रसन्नता होगी !"
UMANG,in.gov.umang.negd.g2c,1d29e17c-836b-4d93-8370-10b7735b42ee,Google उपयोगकर्ता,1,मैं उमंग एप से ईपीएफओ बैलेंस को क्लेम नहीं कर पा रहा हूं पहले सही से काम करता था अब काम नहीं कर रहा है क्या समस्या हो रही कृपया बताइए,191,2.0.30,2022-02-16 09:36:01,"प्रिय उपयोगकर्ता, आपको हुई असुविधा के लिए खेद है। वर्तमान में ईपीएफओ सर्वर पर भारी भार के कारण यह समस्या हो रही है।एक बार जब ईपीएफओ सर्वर सुचारू रूप से काम करना शुरू कर देगा, तो आप उमंग में भी निर्बाध सेवाओं का उपयोग करने में सक्षम हो सकते हैं। हम आपसे एक वैकल्पिक समय पर पुन: प्रयास करने का अनुरोध करते हैं। इस संबंध में आपकी समझ की सराहना की जाएगी।"
UMANG,in.gov.umang.negd.g2c,05d9f74b-96d3-4b1d-bb80-29a60fe5e375,Google उपयोगकर्ता,1,Koe bi mat dounlod karo bilkul kharab app hee bhai कोई भी मत डाउनलोड करो खराब है बिल्कुल,2,2.0.30,2022-02-12 19:25:00,"प्रिय उपयोगकर्ता, हमने आपके द्वारा अनुभव की गई असुविधा के लिए खेद व्यक्त करते हैं। हम आप से अनुरोध करते है की उन सेवाओं/विभाग का विवरण हमारे साथ साझा करें जहां आप समस्या का सामना कर रहे हैं। कृपया हमें customercare@umang.gov.in पर ईमेल करें या 1800-11-5246 पर (सुबह 10:00 से शाम 6:00 बजे के बीच) कॉल करें। आपकी सहायता करने में प्रसन्नता होगी !"
UMANG,in.gov.umang.negd.g2c,c6320064-4ba0-4432-83c0-8ae7b24ac1ab,Google उपयोगकर्ता,1,बहुत बहुत बेकार ऐप है कोई डाउनलोड मत करना इतना बेकार ऐप बनाने वाले को मारना चाहिए 👎👎💩,9,2.0.26,2021-11-29 08:48:55,"प्रिय उपयोगकर्ता, हमने आपके द्वारा अनुभव की गई असुविधा के लिए खेद व्यक्त करते हैं। हम आप से अनुरोध करते है की उन सेवाओं/विभाग का विवरण हमारे साथ साझा करें जहां आप समस्या का सामना कर रहे हैं। कृपया हमें customercare@umang.gov.in पर ईमेल करें या 1800-11-5246 पर (सुबह 10:00 से शाम 6:00 बजे के बीच) कॉल करें। आपकी सहायता करने में प्रसन्नता होगी !"
UMANG,in.gov.umang.negd.g2c,b65686c3-2d87-47c5-9fad-a146935b2c10,Google उपयोगकर्ता,5,मेरा ऐप कोई भी डाउनलोड नहीं हो रहा है,3,,2021-11-22 04:21:05,"Dear User, As checked, UMANG download/install is working fine. We are not able to reproduce any error. This might be an intermittent problem so requested to try again. If you still face the issue, please email us the stepwise error details at customercare@umang.gov.in. (Note - Pls make sure that your device is not rooted.) Happy to assist you!"
UMANG,in.gov.umang.negd.g2c,03dd132b-d559-40dc-8088-c1c8ed440b04,Google उपयोगकर्ता,1,सबसे घटिया है 😡मूड खराब करके रख दिया सर्वर बिल्कुल भी नही चलता है एक दम सरकारी है😡😡।1महीना हो गया पासबुक भी नही देख पाया आज तक।मैं अभी इसको काटता हूं जड़ से😔😡😡,44,2.0.26,2021-11-09 19:39:43,"Dear User, We regret the inconvenience that you experienced. This may be an intermittent issue due to some server fluctuations, you are requested to try again and if the issue still persists, please share your contact details or email us the step-wise error details of the issue at customercare@umang.gov.in or call/chat with us. Happy to assist you!"
UMANG,in.gov.umang.negd.g2c,49ad277b-3bae-4bdb-9289-35c163d79ffa,Google उपयोगकर्ता,1,उमंग के माध्यम से सरकारी योजनाओं में आवेदन किए हुए एक वर्ष बीत गया है लेकिन संबंधित विभागों से कोई जवाब और मदद नहीं मिल रही है.!! जबकि में एक अंधता से ग्रसित विकलांग हूं,61,2.0.26,2021-11-09 09:11:18,"प्रिय उपयोगकर्ता, हमने आपके द्वारा अनुभव की गई असुविधा के लिए खेद व्यक्त करते हैं। हम आप से अनुरोध करते है की उन सेवाओं/विभाग का विवरण हमारे साथ साझा करें जहां आप समस्या का सामना कर रहे हैं। कृपया हमें customercare@umang.gov.in पर ईमेल करें या 1800-11-5246 पर (सुबह 10:00 से शाम 6:00 बजे के बीच) कॉल करें। आपकी सहायता करने में प्रसन्नता होगी !"
UMANG,in.gov.umang.negd.g2c,5e0e7fe3-5c75-45e8-aa1c-5346c01f23b7,Google उपयोगकर्ता,5,ईपीएफ बैलेंस चेक करने के लिए उमंग ऐप डाउनलोड नहीं हो रहा उमंग अब तो अच्छा है लेकिन डाउनलोड नहीं हो रहा है फोन,9,,2021-10-26 08:18:08,"प्रिय उपयोगकर्ता, कृपया Playstore खोज में ""उमंग"" टाइप करें और सबमिट करें। आप ""उमंग"" ऐप (MeitY, भारत सरकार द्वारा) ढूंढ पाएंगे। कृपया ऐप पर क्लिक करें और इंस्टॉल पर क्लिक करें। यह आपके डिवाइस पर इंस्टॉल हो जाएगा। यदि आपको कोई समस्या आती है, तो हमें ustomercare@umang.gov.in पर ईमेल करें। आपकी सहायता करने में खुशी हुई!"
UMANG,in.gov.umang.negd.g2c,eb2f4101-021d-4b1a-b10c-4a33d5af9842,Google उपयोगकर्ता,5,भारत सरकार का महत्वपूर्ण ऐप हैं,4,2.0.26,2021-10-02 10:35:21,"प्रिय उपयोगकर्ता, अपनी बहुमूल्य प्रतिक्रिया साझा करने के लिए धन्यवाद। हम इस दिशा में काम कर रहे हैं और लगातार केंद्र और राज्य सरकार की और सेवाओं को जोड़कर उमंग को बेहतर बना रहे हैं। आप आप हमें customercare@umang.gov.in पर ईमेल के माध्यम से संपर्क कर सकते हैं या हमें 1800-11-5246 पर कॉल भी कर सकते हैं। आपकी सहायता करने में प्रसन्नता होगी !"
UMANG,in.gov.umang.negd.g2c,ec4aa0e7-0778-4629-bd8f-2ae3c3e20258,Google उपयोगकर्ता,5,मैसेज जल्दी,0,,2021-09-30 12:13:46,"प्रिय उपयोगकर्ता, हम आपसे अनुरोध करते हैं कि कृपया अपनी चिंता / क्वेरी को विस्तार से बताये ताकि हम आपको सहायता प्रदान कर सकें। आप हमें customercare@umang.gov.in पर ईमेल के माध्यम से संपर्क कर सकते हैं या आप हमें 1800-11-5246 पर (10:00 पूर्वाह्न से 6:00 बजे के बीच) कॉल भी कर सकते हैं। आपकी सहायता करने में प्रसन्नता होगी !"
UMANG,in.gov.umang.negd.g2c,7fabe4e3-0e36-4a86-a06c-18a2e7a07204,Google उपयोगकर्ता,1,@UmangOfficial_इस ऐप में बग हैं। मेरे पिन कोड ३३५५५१३ में कोई केंद्र उपलब्ध नहीं है जो कि इस ऐप में ऐसा लिखा हुआ दिखा रहा था और अभी भी दिखा रहा है।यह गलत है क्योंकि 4 अगस्त 2021 मेरे पिनकोड और मेरे गाँव में covaxin वैक्सीन उपलब्ध थी लेकिन यह ऐप में उपलब्ध नहीं दिख रहा था और यह हमेशा ही ऐसा ही दिखाता हैं। कृपया इस बड़ी समस्या का समाधान करें।आपकी अति कृपा होगी। सधन्यवाद,14,,2021-08-07 14:29:00,"प्रिय उपयोगकर्ता, कृपया आप हमें अपना संपर्क विवरण customercare@umang.gov.in पर ईमेल करें या हमारे साथ कॉल / चैट के माध्यम से कनेक्ट करें ताकि हम बेहतर सहायता के लिए आपके साथ जुड़ सकें। नोट - हमने यह भी जांच लिया है कि साझा किया गया पिन कोड अमान्य है। कृपया पुनः जाँच करें। आपकी सहायता करने में प्रसन्नता होगी !"
UMANG,in.gov.umang.negd.g2c,67f2f6ec-09d8-41d8-a5d3-46f361b5f16f,Google उपयोगकर्ता,5,बहुत ही बढ़िया ऐप है और बहुत जल्दी रजिस्ट्रेशन हो जाता है और सर्टिफिकेट भी बहुत जल्दी अपलोड हो जाता है लोग बेकार कहते हैं लेकिन उनको शायद करना नहीं आता मैंने पता नहीं कितने लोगों का विशेषण किया और फटाफट ओटीपी आता है,118,2.0.22,2021-07-26 22:44:37,"प्रिय उपयोगकर्ता, अपनी बहुमूल्य प्रतिक्रिया साझा करने के लिए धन्यवाद। हम इस दिशा में काम कर रहे हैं और लगातार केंद्र और राज्य सरकार की और सेवाओं को जोड़कर उमंग को बेहतर बना रहे हैं। आप आप हमें customercare@umang.gov.in पर ईमेल के माध्यम से संपर्क कर सकते हैं या हमें 1800-11-5246 पर कॉल भी कर सकते हैं। आपकी सहायता करने में प्रसन्नता होगी !"
UMANG,in.gov.umang.negd.g2c,72f6a9a1-54b8-4270-bb5c-fd7a0b591d84,Google उपयोगकर्ता,1,मेरा नंबर उमंग ऐप पर रजिस्टर है फिर भी लॉगिन नहीं हो रहा है दोबारा से रजिस्टर करने के लिए कह रहा है,62,2.0.18,2021-03-05 22:15:47,"प्रिय उपयोगकर्ता, हम आपकी मदद करने में प्रसन्न हैं। कृपया अपने संपर्क विवरण हमारे साथ साझा करें या आपसे अनुरोध है कि आप हमें अपना संपर्क विवरण customercare@umang.gov.in पर ईमेल करें या हमारे साथ कॉल / चैट के माध्यम से कनेक्ट करें ताकि हम बेहतर सहायता के लिए आपके साथ जुड़ सकें। आपकी सहायता करने में प्रसन्नता होगी !"
UMANG,in.gov.umang.negd.g2c,4ebb0452-dd48-4158-b2de-f4300cc05c18,Google उपयोगकर्ता,5,"केन्द्र सरकार की, सभी सुविधाएं एक प्लैटफॉर्म पर बेहद कारगर उपयोगी एप्लिकेशन",35,2.0.18,2021-03-01 12:52:51,"प्रिय उपयोगकर्ता, अपनी बहुमूल्य प्रतिक्रिया साझा करने के लिए धन्यवाद। हम इस दिशा में काम कर रहे हैं और लगातार केंद्र और राज्य सरकार की और सेवाओं को जोड़कर उमंग को बेहतर बना रहे हैं। आप आप हमें customercare@umang.gov.in पर ईमेल के माध्यम से संपर्क कर सकते हैं या हमें 1800-11-5246 पर कॉल भी कर सकते हैं। आपकी सहायता करने में प्रसन्नता होगी !"
CPGRAMS (MyGrievance),nic.org.mygrievance,72775aac-33c8-4786-9e33-cb5c5c5d091f,Prafulla Roy,3,मैं अभी अभी इसका उपयोग शुरू किया हूं अभी प्रक्रिया में हूं रिजल्ट सामने नहीं आ रहा है।,0,4.5.9,2026-08-18 19:40:42,
CPGRAMS (MyGrievance),nic.org.mygrievance,ad4eab4e-2cfa-4d81-ac00-1622ae7049b5,Ashok kumar Dubey,1,एप अच्छा है अपनी शिकायत सरकार के पास पहुंचा सकते हैं लेकिन एक कमी है वह यह कि निस्तारण आख्या उपलब्ध नहीं होती है इसमें सुधार होना चाहिए ताकि शिकायत कर्ता को यह पता चल सके कि क्या रिपोर्ट लगाई गई है।,4,4.5.9,2026-07-22 06:16:07,
CPGRAMS (MyGrievance),nic.org.mygrievance,c2589a8c-b2a2-4a45-a98f-bcf5b766bb08,Mukesh Varma,1,मैंने cpgrams पोर्टल पर अनुसूचितजनजाति विभाग की शिकायत की थी सालों तक शिकायत चलती रही यह पोर्टल राज्य सरकार के पोर्टल पर भेजता है वह के अधिकारी अपनी पावर से दादागिरी से शिकायत को बंद करवा देते है और फिर उसके आधार पर सीपीग्राम पोर्टल अधिकारी शिकायत को बंद कर देते हैं और फिर फिडबैक के लिए फोन करते हैं मजा लेने के लिए यह होता है गरीब और निचली जाति वालो के साथ,5,4.5.9,2026-06-08 12:05:56,
CPGRAMS (MyGrievance),nic.org.mygrievance,1280ded7-8eee-412b-a58a-740065ffb34d,ओम प्रकाश शर्मा,1,जिस ऐप के बनाने का उद्देश्य पीडित जनता का दुख दर्द सुन कर राहत प्रदान करने का होना चाहिए - वह ऐप स्वयं ही समस्याग्रस्त है ! कृपया इसे ठीक करें । लॉगिन होना भी लोहे के चने चबाने जैसा मुश्किल हो रहा है !,4,4.5.8,2026-06-03 13:44:03,
CPGRAMS (MyGrievance),nic.org.mygrievance,51a25e57-b30e-4e8f-adf0-b6500bbde957,Rajkumar Pal Barhula kal Koraon prayagraj,5,खराब प्रकिया,0,4.3.7,2026-05-07 15:24:23,"Sorry about the inconvenience. Try clearing the cache or reinstalling the app. In case the issue still persists, kindly send the error screenshot to cpgrams-darpg@nic.in along with the contact details so that we check this."
CPGRAMS (MyGrievance),nic.org.mygrievance,06acbf74-6b6f-427b-a726-a312cc94565e,श्री आशीष कुमार प्यासी गुडडू महाराज सलैयाप्यासी वाले,3,मेने शिकायत किया पर समाधान नहीं हुआ अपील कैसे करूं साथ साथ समाधान के बारे में पुछताछ ओर सम्पर्क किया जाना चाहिए ताकि समस्या एवं शिकायत के समाधान हुआ या नहीं सभी पहलुओं पर विचार-विमर्श ओर सुनवाई निराकरण होना चाहिए आवश्यक जानकारी एवं सूचना सांझ करें,0,4.3.4,2026-02-27 08:13:02,
CPGRAMS (MyGrievance),nic.org.mygrievance,301f96d1-d274-4fec-a915-4f68939de460,हरि यादव,5,बहुत बढ़िया है महोदय 👍 कभी कभी काम नहीं करता बस,4,4.3.3,2026-02-25 12:29:40,Thank you for your feedback.
CPGRAMS (MyGrievance),nic.org.mygrievance,a7e667d9-14cc-4cdd-b1f9-a31cfb1cc9ed,rajguru sharvan singh,5,Id ओपन होती भी नहीं 6 मंथ बंद हे बेकार साइड,3,4.3.1,2025-03-11 15:53:58,
CPGRAMS (MyGrievance),nic.org.mygrievance,87e0a660-62cf-4c9a-8c41-1d60b2a49fdf,shiv Singh,5,इसमें अधिकारी शिकायत बंद करने के लिए लापरवाही करते है और शिकायत को बिना सचाई जाने बंद कर दी जाती हे और आगे शिकायत जारी रखने का कोई ऑप्शन नही है तुरंत क्लोज कर दी जाती हैं,7,3.3,2024-09-27 18:21:45,
CPGRAMS (MyGrievance),nic.org.mygrievance,1018d751-81e0-461a-b604-5f01f3e3c39b,Rk Jhinjha,1,ऐप में की गई शिकायत का कोई भी विवरण नहीं दिखा रहे है। ऐप में हम अपनी शिकायत का स्टेटस कैसे चेक करें,1,2.9,2024-02-07 05:21:26,
CPGRAMS (MyGrievance),nic.org.mygrievance,dd2f35a2-b772-4b14-9e67-e6571242a714,Manu Dev Baghel,4,बहुत बढ़िया है आप घर बैठे शिकायत कर सकते है । भारत सरकार या राज्य सरकार के अंतर्गत आने वाले किसी भी विभाग में यदि कोई गलत काम हो रहा है। आप उसकी शिकायत कर सकते हैं।,2,2.1,2023-03-02 19:35:06,
CPGRAMS (MyGrievance),nic.org.mygrievance,1804b321-b01a-400c-b123-c9fb19e4bb53,Sumn Div,1,बेकार एप है हिन्दी नही चलता नही है और पासवर्ड भी खठिनाई का सामना करना पडता है,5,2.1,2022-06-16 22:03:59,
CPGRAMS (MyGrievance),nic.org.mygrievance,b73bd2b2-0a3c-406d-a0ce-ff1037ce5128,Sumer Singh,5,ब्रह्माण्ड के रहस्यों का खोज। खोज द्रारा सत्य की खोज। सत्य की खोज द्रारा मानव एवं मानव जीवन कि सभी समस्याओं का समाधान।,8,2.1,2021-11-12 17:45:04,
CPGRAMS (MyGrievance),nic.org.mygrievance,a7f99bb8-2341-42ee-a7b4-822bfa5b0b47,Bhawana Tanishka,2,"1.एप्पलीकेशन में डेस्कटॉप जैसा view नही है,जिसके कारण डिटेल्स के लिए ब्राउज़र ही बेहतर लगता है 2.कृपया पुराना वर्शन रिस्टोर करे,क्योकि लॉगिन id और पासवर्ड वाले इस एप्पलीकेशन के द्वारा जो,पुरानी शिकायत दर्ज थी,जिसका समाधान नही किया जाता,उस की स्थिति ज्ञात नही हो रही है। 3. नया साइट डिज़ाइन यूजर फ्रेंडली नही है। 4.ट्रांसपरेंसी नही है,समाधान के विभिन्न चरणों को hide कर दिया गया है,क्या कार्यवाही पूर्ण की गई कोई डिटेल्स प्रदर्शित नही होता है।",12,2.1,2021-06-15 08:08:09,
CPGRAMS (MyGrievance),nic.org.mygrievance,f2afbb05-9648-48c4-beac-d3d438ac893a,Vishnu dayal Gangwar,1,जनपद बिजनौर उत्तर प्रदेश में उच्च अधिकारी अधिकतर वर्तमान दोनों सरकारों के विरोधी हैं वहां पर वह सरकारों की छवि नकारात्मक बनाने में सफल भी हुए हैं जिसका उदाहरण नूरपुर विधानसभा उपचुनाव में सपा का संयुक्त प्रत्याशी एवं दोनों लोकसभा क्षेत्रोंं 04 नगीना व 05 बिजनौर पर बसपा पार्टी का कब्जा है।,5,1.0,2020-06-24 00:34:44,
CPGRAMS (MyGrievance),nic.org.mygrievance,70799081-6cd5-4366-9c96-2172db8e02f0,Sikandar Singh,3,सेवा में विनम्र निवेदन यह है कि माय गोरमेंट ऐप को हिंदी में करने का कृपा करें ताकि हर किसी को शिकायत दर्ज करने में आसानी हो और हर हिंदुस्तानी को अपनी मातृभाषा याद रहे,29,1.0,2020-05-10 19:50:28,
CPGRAMS (MyGrievance),nic.org.mygrievance,c754fb04-310e-468c-9e8e-3965f444acdd,Google उपयोगकर्ता,1,ओपन नहीं हो रहा है एप,2,1.0,2020-04-27 22:19:07,
CPGRAMS (MyGrievance),nic.org.mygrievance,bde28b99-9e03-4aad-a2d2-1298ae4409c3,Google उपयोगकर्ता,1,इस ऐप के ज़रिये हमनें भ्रष्टाचारियों का भंडाफोड़ कर डाला।,2,1.0,2020-03-21 23:12:28,
CPGRAMS (MyGrievance),nic.org.mygrievance,6d0c6e92-dab1-4227-aaa7-6d9fd9c96670,Google उपयोगकर्ता,1,"मा, प्रधान मंत्री महोदय विनम्र निवेदन है ग्राम सभा पुर इन तहसील खागा जिला फतेहपुर यू पी ग्राम प्रधान पुर इन के प्रधान शैलेन्द्र सिंह व सुरेन्द्र सिंह ने गांव में पीएम आवास में शौचालय में लूट की है बैंक में नौकरी करता है प्रधान भी है बैंक में करोड़ों रुपए का घोटाला किया है पैसे के बल पर सब अधिकारी भ्रष्टाचार का उजागर होने के बाद भी जांच नहीं कर रहे हैं आरोपी को बचाने में लगे हैं पुलिस विभाग भ्रष्टाचार का उजागर करने वाले पीड़ित परिवार की मदद नहीं कर रही है आरोपी पीड़ित परिवार को जान से मारने पर",17,,2019-09-26 15:17:17,
CPGRAMS (MyGrievance),nic.org.mygrievance,88a8448f-ef0e-44d1-955f-e6bcd93a96ca,Google उपयोगकर्ता,3,बहुत ही महत्वपूर्ण ऐप है। देश की समस्याओं के समाधान के लिए इसमें अपनी-अपनी परेशानी/समस्याओं आदि को लिखे...। वैसे तो एक महीने में कार्रवाई होती है। किंतु बहुत से गंभीर समस्याओं के समाधान आने में बहुत देरी होती है। देशवासियों से निवेदन है कि किसी भी समस्याओं के समाधान के लिए अनिवार्य रूप से किसी भी भाषा में अपनी समस्या को लिखें और देश में सामाजिकता लाएं...। चुप बैठना समस्याओं का समाधान नहीं है। बल्कि समस्याओं को ओर बढ़ाना है। अधिक जानकारी के लिए मुझे वाट्स ऐप (७७९७५४९५४७) पर संदेश है। जय हिन्द।,3,1.0,2019-09-26 13:26:50,
CPGRAMS (MyGrievance),nic.org.mygrievance,23d9650a-f676-45d1-9c52-9e446a99709c,Google उपयोगकर्ता,4,कोई पासवर्ड मेल नहीं हो रहा है । कृपया मुझे हिंदी में उदाहरण समझाएं प्लिज।,11,1.0,2019-09-26 12:15:35,
CPGRAMS (MyGrievance),nic.org.mygrievance,edd1bf19-4ef9-4abb-8104-11ba6325b52d,Google उपयोगकर्ता,5,इस एप्लिकेशन का उपयोग मैं 2 साल पहले किया था बहुत अच्छा ऐप है मेरी शिकायत का निस्तारण 1 महीने के अंदर हो गया था,13,1.0,2019-09-04 11:22:59,
Meri Sadak,com.cdac.pmgsy.citizen,65d40cc2-e366-4131-88c5-8ea206ddfa0e,Hanuman Parsad Nawariya,2,यह ऐप मैंने डाउनलोड किया है लेकिन यह काम नहीं करता है सारी जानकारी डालने के बाद भी अप खुलता नहीं है यह सबसे बड़ी खराबी हैसिर्फ में जिसको टाइम बर्बाद करना वह ऐप डाउनलोड कर दे,0,7.0.1,2026-08-05 12:56:35,
Meri Sadak,com.cdac.pmgsy.citizen,cc044039-d072-4268-9365-b19bbccc8404,JITENDRA KUMAR,1,इस एप्लीकेशन में खराब सड़कों की शिकायत करने पर भी कोई कार्यवाही प्रशासन की तरफ से नहीं होती यह एप्लीकेशन बिल्कुल फर्जी है और इसमें देश का ऐसा और समय बर्बाद किया जाता है और किस एप्लीकेशन के द्वारा जनता को भी भ्रमित किया जाता है जिसमें नागरिक खराब सड़कों की कंप्लेंट करता है फिर भी कोई शिकायत पर कार्यवाही नहीं होती इसलिए यह ऐप बिल्कुल उपयोगी नहीं है इसमें जनता का समय और इंटरनेट डेटा बर्बाद किया जाता है,3,,2025-08-29 22:02:36,
Meri Sadak,com.cdac.pmgsy.citizen,545f5462-54c4-4f35-9d12-6d4db77eddb0,kailash meena,1,बेकार है,0,,2025-04-22 19:29:01,
Meri Sadak,com.cdac.pmgsy.citizen,9eb3fb82-b98a-4ace-bd8d-3507c568ef8f,Ajay Singh,1,जन्मतिथि शब्दों में लिखने के लिए कह रहा है लेकिन उसका विकल्प ही नहीं है बेकार ऐप।,3,6.2.3,2024-08-12 16:16:31,
Meri Sadak,com.cdac.pmgsy.citizen,6e2e453e-7bee-457b-b33f-6f456f8f7d17,Bablu yadav,5,बहुत ही बेकार ऐप है लोगीन ही नही होता,2,,2024-06-29 17:12:09,
Meri Sadak,com.cdac.pmgsy.citizen,40da5494-33ce-40d1-8caf-689f31dc3d27,SURENDRA SINGH,1,जिंदगी में ऐसा बेकार एप नही देखा हूं लॉगिन तो हो गया है परंतु जब सड़क पर कंप्लेन करने जाता हु तो कोई काम नहीं करता है।,7,6.2.3,2024-05-17 21:59:53,
Meri Sadak,com.cdac.pmgsy.citizen,435739bb-9be7-4dcc-bec6-831d00dceb5b,Pankaj Parmar,1,बहुत बेकार माता का नाम रजिस्टर नहीं करता,2,6.2.3,2024-03-24 13:11:23,
Meri Sadak,com.cdac.pmgsy.citizen,aca8c36d-414e-4d61-8183-7cc28a4518b6,मंजू डूंगर जी,1,एक दम बकवास ह MB ही खराब की,1,6.2.3,2024-02-24 23:08:04,
Meri Sadak,com.cdac.pmgsy.citizen,64549ebb-001c-4d73-be93-83c91f5c3592,Ashok kumar Dubey,1,"बेकार एप्लिकेशन है,साइन अप नहीं हो रहा है। माता का नाम एक्सेप्ट नहीं कर रहा है।",7,,2024-02-05 15:53:43,
Meri Sadak,com.cdac.pmgsy.citizen,584dbeaf-862c-47dc-9308-989c966d84ec,Satyam Kushawaha,1,बेकार ऐप है ओटीपी ही नहीं दे रहा है very bad app,7,6.2.3,2023-12-25 07:41:45,
Meri Sadak,com.cdac.pmgsy.citizen,dd367fab-3b08-4df6-adbc-63fb2ee418da,Shanti Dimri,1,"आजतक कोई काम की जानकारी/कार्यवाही नहीं हुई है. मैने एक ग्रामीण सड़क तोपश्योम से सीधी विजयपुर (मरवाडीधार) के बीच के गेर तक की उत्तराखण्ड लोकनिर्माण विभाग देहरादून से की थी, तब से तीनों मुख्यमंत्री ने नजर अंदाज किया. इसका सर्वे होकर एस्टिमेट मुख्य अपर सचिव लोकनिर्माण विभाग, देहरादून में 20-01-2020 से लम्बित है. हम विजयपुर, पतक्वाली, तोपश्योम, डोंठला, धल आदि गाँवो के निवासियों को बहुत कठिनाई हो रही है पर आजतक कुछ भी काम नहीं हुआ ह़ै. आश्चर्यजनक इस सड़क पर चार वर्षों से एक सेंटीमीटर काम भी नही हुआ।",30,,2022-07-18 13:26:59,
Meri Sadak,com.cdac.pmgsy.citizen,04b231a8-cb4a-4a2e-bdc8-32c85462dc51,Ravindra kumar,1,बिलकुल बेकार एप्लीकेशन है और साइन अप भी नही हो रहा है,38,6.0.6,2021-05-10 14:40:12,
Meri Sadak,com.cdac.pmgsy.citizen,6aec9b7f-ca05-4a91-ba0a-44e414a01f96,Google उपयोगकर्ता,5,Shiv Ram San off sample तहसील सादाबाद जिला हाथरस अलीगढ़ मंडल पक्का रोड बनवाने के गम भरोस हरकेश नगला होते हुए रिश्ता तक चकरोड़ जाता है 1076 पर कंप्लेन करें अधिकारी लोग जो कहते हैं जो 2019 और 2020 काले योजना में ले लिया गया है धनराशि प्राप्त होने पर कार्य करा दिया जाएगा आज से सर 500 साल हो गए कोई कार्य नहीं हो रहा है ऐसा क्यों सर ग्रामीण क्षेत्र से हैं सर गरीब है ऐसा अन्याय क्यों किया जा रहा हमारे साथ आम जनता भी परेशान रहती है आम रास्ता है जो कठिनाई का बहुत कर रहा सामना करना पड़ता है छोटे छोटे,21,5.0.2,2020-02-23 01:31:38,
Meri Sadak,com.cdac.pmgsy.citizen,a00d6fd6-31ba-41c8-9dcf-2f3f4d45c692,Google उपयोगकर्ता,1,क्षतिग्रस्त नहर के पुल की फोटो भेजी थी उस पर कोई भी कार्य नहीं किया गया। आज टूटी-फूटी सडक के फोटो अपलोड किए हैं देखते हैं क्या कार्रवाई करते हैं बिल्कुल बेकार सर्विस है,7,4.0.3,2017-12-20 17:35:04,
Meri Sadak,com.cdac.pmgsy.citizen,9b097aba-d1ba-47bb-8faf-5f56c8e03370,Google उपयोगकर्ता,5,सडक पर जो कचरा फेंकने वालों की शिकायत करने वाली ऐप्लिकेशन भी बनाई जाई ओर कचरा फेंकने वाले लोगों की अखबार में फोटो छपनी चाहिए।,1,4.0.2,2017-02-02 10:28:30,
Meri Sadak,com.cdac.pmgsy.citizen,ce93fd89-bfaf-42c0-a0ad-83360a1f3017,Google उपयोगकर्ता,5,श्रीमान कुछ गांवो के बीच पिछले पांच साल से सड़क टूटी हुई है और कोई सुनवाई नही हो रही। उनके बारे मे सरकार कब सोचेगी। गाव-उड़ासर जिला-बाड़मेर राजस्थान,0,,2016-12-14 17:03:02,
Meri Sadak,com.cdac.pmgsy.citizen,56c7cc2e-86f9-4d2b-bb87-306e716052dc,Google उपयोगकर्ता,4,बढिया है टुटीफूटी सड़क की जानकारी देने कै लिए कौई सरकार की कुभकरनी नीदं उडाने के लिए देखौ कुछ हौ ता है कै नही,0,,2016-08-31 11:29:39,
Meri Sadak,com.cdac.pmgsy.citizen,569e7721-f42c-44f4-8176-c27f70cfd301,Google उपयोगकर्ता,5,भारत सरकार की जबर्दस्त पहल,0,,2016-08-27 11:37:38,Thanks Dilip
Meri Sadak,com.cdac.pmgsy.citizen,53da804d-2c0f-4b43-8c02-c19f3d0f495f,Google उपयोगकर्ता,5,बाकी सरकार की तरह ऐभी जनता को गुमरहा तो नही कर रही है,1,,2016-08-16 14:39:01,
Meri Sadak,com.cdac.pmgsy.citizen,6eeaafe5-0db1-4094-9bc4-345fbd1bfef0,Google उपयोगकर्ता,5,प्रधानमंत्री सड़क योजना,3,4.0.2,2016-08-08 10:20:29,
eGramSwaraj,nic.in.unified,9b057ba0-8351-427d-8654-ebdcf5ea3371,thakur sab,1,ये भी बेकार है इसमे भी पूरी जानकारी प्राप्त नही होती है और ना इसमें सरकारी नौकर अर्थात जनता का नौकर,2,1.8.0,2026-02-27 05:06:27,
eGramSwaraj,nic.in.unified,224d4bba-cb0f-4d6a-a596-5016e8e0b9e5,बंशी राम भील,5,बहुत अछा है आम आदमी को जानकारी मिलती है और गांव गरीब किसान मजदूर को उनका वाजिब हक फिर भी नही मिलता है,10,,2026-01-22 09:49:42,
eGramSwaraj,nic.in.unified,e2cf11e3-f1d3-4d57-975e-46c84e11102d,Aakash Dawar,5,मेरे गांव में देखा जाए तो शिकायत करने जैसा है यह पर कोई हेल्प सेंटर नहीं है कोई कार्य। नहीं हुआ है सब गांव का मुखिया खा गया है 🙏🥺,32,1.8.0,2025-09-18 07:05:38,
eGramSwaraj,nic.in.unified,e8810ce3-e974-4fb8-bc32-81d21afed557,Sresu9016,5,बहुत अच्छा है भ्रष्टाचार सरपंचों के खुलेगी,0,1.8.0,2024-12-09 22:48:14,
eGramSwaraj,nic.in.unified,2c5c067e-3051-4141-9b9e-18366b9b2bd6,Naman Behra,4,बहुत खराब,0,1.8.0,2024-05-27 22:58:42,
eGramSwaraj,nic.in.unified,11719301-40c7-42ca-9b20-03fcb0228a06,Bheeshm Bheeshm,1,ऐप मे राज्य के बाद ग्राम पंचायत का नाम खुल रहा है जिससे स्पष्ट नहीं हो रहा है कि हम कौन सी जिले की ग्राम पंचायत देखना चाहते हैं जैसेpali ग्राम पंचायत15 से अधिक ग्राम पं0 है इसके आगे कोड व जिले का नाम अंकित नहीं है जिससे देखने में बड़ी दिक्कत हो रही है जन समस्या निस्तारण के लिए ग्राम पंचायत के आगे विकाखंड का नाम भी जोड़ा,16,1.5.0,2023-09-23 13:54:12,
eGramSwaraj,nic.in.unified,f6b7813b-008a-4228-beeb-ebfaf6d3cc29,amar chand,2,एप खराब हो गई है सुधार करें,1,1.7.0,2023-07-31 19:27:21,
eGramSwaraj,nic.in.unified,12c0c3d5-04f1-4a30-80ec-2adc50185164,Ambikaprashad Sahu,1,यह ऐप डाउनलोड नहीं हो रहा है क्या बात है मुझे इस ऐप की जरूरत है लेकिन डाउनलोड नहीं हो रहा है 15 दिन से डाउनलोड कर रहा हूं हो ही नहीं रहा,42,,2022-09-02 16:27:46,
eGramSwaraj,nic.in.unified,376fd014-d343-4c52-bce2-164f47db7b6f,Mandeep Mandeep kumar,3,यह एक बहुत बढ़िया है पर इसमें कोई घोटाला नहीं होता सरकारी काम बताने में यह सहयोग करता है,18,1.7.0,2022-04-08 23:38:26,
eGramSwaraj,nic.in.unified,19fd9c4d-682c-4ca4-8920-3ca79041fdb9,FlIHL GOUTEK,1,पंजीकृत करने का अनुभव इसमें होना चाहिए कि ग्राम स्वराज पर पंजीकृत ठेकेदारी से pranjai साहेब तू ठेकेदारी से काम होना चाहिए ठीक कहा से आवंटन होना चाहिए और अप्रूवल ठेकेदारी से का बिचौलिया घोटाला बजे जिम भारी रहेगा hii दारी से और ठेकेदारी टेक पड़ेगा और उसी काम पैसा निकाल लेते हैं काम नहीं कर आते हैं ठीक पड़ेगा ठीक है काम उसका फार्म अप्लाई अप्लाई करने आयशा ई ग्राम स्वराज पर दीजिए,55,1.7.0,2022-02-15 19:17:57,
eGramSwaraj,nic.in.unified,55b1b2c0-246c-49bf-b847-d4d2dfd26cec,Shailendra Pratap Singh,3,सरकार के द्वारा प्रयास अच्छा किया हैं कार्य की फोटो एवं बिल बाउचर भी उपलोड करने चाहिए,24,1.5.0,2020-12-25 18:00:30,
eGramSwaraj,nic.in.unified,aebe7863-6cfb-43f6-905d-c51f562e1e27,Sanjay Singh,1,"यहां देश की जनता , शासन, प्रशासन को रैन कोट पहन कर नहाते हुए देखेगी।",10,1.5.0,2020-07-31 01:42:20,
eGramSwaraj,nic.in.unified,199532db-25ea-431b-a938-9c267823e017,Mahender Jat,5,गलत काम की शिकायत का प्लेटफार्म भी होना चाहिए था,3,1.5.0,2020-07-08 13:52:27,
eGramSwaraj,nic.in.unified,6e909c7d-6094-4369-a159-5f4701091dff,‘Veer’ सत्य मन,5,"पिछले वर्षो के कार्यों की जानकारी नहीं मिल पा रही है और गलत कम पाए जाने पर शिकायत की व्यवस्था भी नहीं है ,,एक शिकायत प्लेटफार्म भी होना चाहिए।",115,1.5.0,2020-06-16 00:32:43,
eGramSwaraj,nic.in.unified,8053233d-5e8d-439d-9f25-d8adf2cfdf90,Google उपयोगकर्ता,3,अच्छा होगा यदि इसी एप में ग्राम प्रधान द्वारा न कराये कार्यों पर घोटाला करके ग्राम सभा का धन गबन कर लिए जाने पर ग्रामीणों द्वारा जांच करके शिकायत का कॉलम भी जोड़ दिया जाए जिससे सरकारी तंत्र शिकायत पर तुरंत कार्रवाई कर सके।,142,1.2,2020-04-25 15:41:06,
eGramSwaraj,nic.in.unified,664d23f2-c4b2-4cce-bf14-cd4cb7e51f48,Google उपयोगकर्ता,2,आज के युवा साथी बेरोजगार हैं उनकों रोजगार गारंटी योजना के तहत लाभ मिलना चाहिए,11,1.0,2020-04-24 16:08:32,
